Symbol,Company,Exchange,Industry,Date added,Notes,Index weighting,Price
MMM,3M,NYSE,Conglomerate,1976-08-09,As Minnesota Mining and Manufacturing,3.84%,223.34
AXP,American Express,NYSE,Financial services,1982-08-30,,2.88%,176.22
AMGN,Amgen,NASDAQ,Pharmaceutical industry,2020-08-31,,4.87%,262.12
AAPL,Apple Inc.,NASDAQ,Information technology,2015-03-19,,2.57%,137.07
BA,Boeing,NYSE,Aerospace and defense,1987-03-12,,4.92%,271.76
CAT,Caterpillar Inc.,NYSE,Construction and Mining,1991-05-06,,4.54%,265.12
CVX,Chevron Corporation,NYSE,Petroleum industry,2008-02-19,Also 1930-07-18 to 1999-11-01,2.03%,114.33
CSCO,Cisco Systems,NASDAQ,Information technology,2009-06-08,,1.00%,58.23
KO,The Coca-Cola Company,NYSE,Food industry,1987-03-12,Also 1932-05-26 to 1935-11-20,1.04%,60.89
DOW,Dow Inc.,NYSE,Chemical industry,2019-04-02,,1.25%,75.3
GS,Goldman Sachs,NYSE,Financial services,2013-09-20,,6.54%,409.46
HD,The Home Depot,NYSE,Retailing,1999-11-01,,6.24%,350.93
HON,Honeywell,NASDAQ,Conglomerate,2020-08-31,,4.47%,254.53
IBM,IBM,NYSE,Information technology,1979-06-29,Also 1932-05-26 to 1939-03-04,2.59%,158.39
INTC,Intel,NASDAQ,Information technology,1999-11-01,,1.25%,62.89
JNJ,Johnson & Johnson,NYSE,Pharmaceutical industry,1997-03-17,,3.12%,186.34
JPM,JPMorgan Chase,NYSE,Financial services,1991-05-06,,2.95%,180.62
MCD,McDonald's,NYSE,Food industry,1985-10-30,,4.49%,257.24
MRK,Merck & Co.,NYSE,Pharmaceutical industry,1979-06-29,,1.49%,14.08
MSFT,Microsoft,NASDAQ,Information technology,1999-11-01,,4.98%,274.81
NKE,"Nike, Inc.",NYSE,Apparel,2013-09-20,,2.58%,150.11
PG,Procter & Gamble,NYSE,Fast-moving consumer goods,1932-05-26,,2.64%,148.39
CRM,Salesforce,NYSE,Information technology,2020-08-31,,4.45%,261.25
TRV,The Travelers Companies,NYSE,Financial services,2009-06-08,,3.03%,175.67
UNH,UnitedHealth Group,NYSE,Managed health care,2012-09-24,,7.33%,453.73
VZ,Verizon Communications,NYSE,Telecommunication,2004-04-08,,1.13%,62.15
V,Visa Inc.,NYSE,Financial services,2013-09-20,,4.33%,250.25
WBA,Walgreens Boots Alliance,NASDAQ,Retailing,2018-06-26,,1.06%,58.03
WMT,Walmart,NYSE,Retailing,1997-03-17,,2.72%,156.22
DIS,The Walt Disney Company,NYSE,Broadcasting and entertainment,1991-05-06,,3.66%,196.66
